val,en_general_rarity,es_en_DEEP_general_rarity,es_en_DEEPL_general_rarity,es_en_GOOGLE_general_rarity,es_en_TRANSFORMERS_general_rarity,ar_en_DEEP_general_rarity,ar_en_DEEPL_general_rarity,ar_en_GOOGLE_general_rarity,ar_en_TRANSFORMERS_general_rarity,es_general_rarity,en_es_DEEP_general_rarity,en_es_DEEPL_general_rarity,en_es_GOOGLE_general_rarity,en_es_TRANSFORMERS_general_rarity,ar_general_rarity,en_ar_DEEP_general_rarity,en_ar_DEEPL_general_rarity,en_ar_GOOGLE_general_rarity,en_ar_TRANSFORMERS_general_rarity
100,0.6615017819671162,0.6541854647615728,0.6546227261707688,0.6553258734024546,0.6538179970721746,0.6642388952685363,0.6645323338402348,0.6653586003704004,0.6592091368454502,0.584364848043604,0.5982680599056897,0.5945658214931039,0.598824182169275,0.5855365775253996,0.8501478713217675,0.8492468114532629,0.8397726608516416,0.8499026688590008,0.847507282063223
350,0.6000642602720193,0.590881764232625,0.5928134252149936,0.591946656368973,0.5924897866810961,0.6020882517107011,0.6023780038482772,0.6032674211050784,0.5993301889091797,0.5347437488659765,0.5465992903976756,0.5447477411914544,0.5472057914115334,0.5354536761124966,0.8083880678949084,0.8031949338182027,0.7944269176771059,0.8040063228570217,0.8036703625734224
600,0.5665784168696478,0.5572048363029359,0.5592821500174726,0.5585355612447794,0.5588306949474037,0.5686706017153965,0.5687636792732199,0.570218982989369,0.5639036249207137,0.5009932124439422,0.5124106970758643,0.5111070556126128,0.5130701180476341,0.5016910631177421,0.7810005767681645,0.7761142803230087,0.7670788813478019,0.7769778453723264,0.7776177938157298
850,0.5367459886036184,0.5272935392180323,0.5293054689043352,0.5287912531962997,0.5286473475641866,0.5372030320663104,0.537900138948334,0.5388025516299418,0.5331074167401582,0.47527103372899054,0.4854588908179692,0.4836180896256653,0.48614368626501037,0.4755865751423054,0.7566001659652686,0.7489292481417328,0.7416818750183112,0.750188651353671,0.7524662981885307
1100,0.5154114229599635,0.5043091390495688,0.5073814868902097,0.505894790639799,0.5072310006512053,0.5147007844937567,0.5165943477342994,0.5163372720644714,0.5110752572294024,0.45775233412981686,0.4670528607126557,0.4660694915036309,0.46775694867288115,0.4580512121335499,0.7396239357153084,0.7313294319989467,0.7246335204250564,0.7326068919398271,0.7354962706090579
1350,0.5008797692643642,0.48992708427579934,0.49311424776622953,0.491567930369769,0.4931669250208478,0.4997267668971306,0.5020733155221752,0.5014965121399523,0.49615741776717587,0.44091205884644113,0.45096566305978636,0.4501917800271118,0.4517755358000665,0.4414179332819427,0.7227437805881666,0.7147543731220896,0.7079895656907645,0.7159520235107533,0.7177914636334167
1600,0.4716069613108756,0.4605755561872083,0.4632253681109476,0.46230002563161027,0.4635929086866959,0.47141794468810666,0.47229253484357214,0.4732827850261429,0.465206583636044,0.43237749331453185,0.4421458340642477,0.44166486203347793,0.4429351740207243,0.43277327278342576,0.7054735652445995,0.697111091668205,0.6905124791256978,0.6977410867598516,0.6999239490391358
1850,0.4556962740898326,0.4429434677986952,0.4465136759772673,0.44465736416479923,0.4470099245708257,0.45342677449535296,0.45505349397038913,0.45523968285908795,0.44854642727739624,0.4182896785016175,0.42751580377709486,0.427487926693784,0.4283287782528497,0.4183009642749348,0.6934285434412922,0.6840054982876193,0.6773640815178011,0.684630851258505,0.6875309616037395
2100,0.43718275606116486,0.424392668515879,0.4278911397111433,0.426160529525048,0.42810499731153373,0.4336260031275248,0.43620001469963576,0.43552010982678185,0.4287895595202773,0.40668783130481456,0.41507944320203044,0.4154594709802402,0.4159382499595192,0.4064596194982439,0.6791178806297244,0.669246835583444,0.6628843990817184,0.6696182986677269,0.6730438914125086
2350,0.4196781366563938,0.40691806492802507,0.41041588640876003,0.40882402073878155,0.41074739581375336,0.4155110022091063,0.41879211544097256,0.4175560396136915,0.4112714490843511,0.398281794148141,0.40591500172115613,0.406505764790738,0.4068741424552814,0.39777432897381026,0.6723663865836479,0.6619811117915088,0.656111735494796,0.6624089762749843,0.6668134666275589
2600,0.4047515884738674,0.39139753783478787,0.3949936030843,0.3933924386866299,0.39560129853405007,0.3998886863463556,0.4037003339919476,0.4019514854237226,0.39567363427128194,0.39060846941819266,0.3982269891752035,0.39902606008398167,0.39918972222348914,0.3900642433375143,0.6631853957041084,0.6517006609055737,0.6472605799809646,0.6520134893180785,0.65739069375275
2850,0.3927787330632377,0.3788220461246764,0.3825108141039076,0.3810716900296561,0.38333152253647507,0.38697887946142834,0.39093327547830864,0.3892176889491541,0.3834824852157158,0.3851259843173493,0.3919511227720217,0.3934552237777094,0.39295675824936066,0.3844500626316497,0.6546133988944982,0.6421852425804356,0.6379424779172955,0.6426129795912657,0.647744486727954
3100,0.381008841038734,0.3669461672847242,0.3706087371255307,0.3692551828434257,0.37139585810063797,0.3755771357431719,0.37906308680159045,0.3779049913897707,0.37161086347280003,0.37780390673033903,0.3846777247480478,0.38593320105484413,0.38566577378764283,0.3770759821017182,0.6440610615311428,0.6313085391462504,0.6269391157339622,0.6317384151990462,0.637386182656201
3350,0.3730576405265289,0.3589080955464187,0.36284486384810577,0.3611592818823233,0.36349717387599007,0.3672141697680665,0.37109704553293904,0.3695690552787516,0.3635027048729534,0.37040410172471866,0.3771957363257483,0.37897752967349674,0.3782296217113411,0.3699898606330344,0.638937211913364,0.6262062713776976,0.6218599349142132,0.626631089122432,0.6318947317298257
3600,0.3618496599517321,0.3471723516924946,0.35115322814664013,0.3494439879812893,0.35213216601165565,0.3545520440583402,0.3586096123440027,0.3569681750627045,0.35210268791816207,0.36304459290492547,0.36990910810082694,0.37205015790381524,0.37091121515253855,0.36250090317062444,0.6341157504785327,0.620961231586658,0.6170217700454923,0.6214726255399968,0.6271284647237245
3850,0.3527713474823185,0.337764794722046,0.3419507923753524,0.34008284121409865,0.3427536804439109,0.3451357798653823,0.3494393657163831,0.347569083660304,0.3424216586583737,0.3526861689766052,0.35927636005874825,0.36158183857972814,0.3602954489196866,0.352055219953588,0.6252989591723493,0.6123999932945113,0.6085574726196668,0.6129287838814093,0.6187136462756778
4100,0.34168589654146436,0.32588357650971583,0.3304240056011397,0.3283025394403861,0.33121391377688764,0.334220401700717,0.3380708993103941,0.33675797674666585,0.330936416926006,0.3445702382064505,0.3511523939950018,0.35314896599303525,0.3521921788300132,0.34392966510518824,0.6178280350212267,0.6037468210711758,0.5997634189612515,0.6042101915868656,0.611067817930058
4350,0.33028053563840043,0.3145645698443999,0.3195775344167199,0.31714948263047926,0.3201475351873389,0.32250861435609623,0.3267898322046947,0.32499807726161434,0.31934170723020017,0.33807338442210605,0.3444429663210064,0.34646298875931036,0.3455063384683089,0.3374651568141388,0.6118597158137958,0.5975485833574202,0.5936184387216631,0.5978766902366999,0.604772414301269
4600,0.32142307297189754,0.3062470308760712,0.3110532475945093,0.308875139331099,0.3113197574875281,0.31363186924628333,0.3179934074418472,0.3161095990982677,0.310186454381226,0.3296237766657826,0.33629554300998127,0.3381816028020669,0.33742317601852606,0.3293444654007252,0.6045263484461734,0.5898266212491179,0.5858122719022105,0.5899560257925304,0.5967719711383427
4850,0.31094847519284596,0.2962073082937104,0.30097907397046236,0.298876960073052,0.30124674498275994,0.3027886554351229,0.30700821120001603,0.30528176350406355,0.29937023130591345,0.3215581087421871,0.32824509783920874,0.3307505181982958,0.3293699880170761,0.3213666093967285,0.5991098399094246,0.5844805056227608,0.5806797494103255,0.5845559184986298,0.5914860108194239
5100,0.3022316451064898,0.286863785809476,0.29126000762722853,0.28962889275144393,0.29147541959608775,0.29390349537909277,0.2983107647711214,0.2964359885041013,0.290267892489862,0.3140896722481112,0.32090890469183864,0.32341534618714063,0.3220224516643918,0.31414694586774117,0.592232565031355,0.5767532659732855,0.5734141498481103,0.5768967648847614,0.5845379534373929
5350,0.29403725884457593,0.27883842984367657,0.2830356582838108,0.28165974803272487,0.28324615974945244,0.28581322513056323,0.2904068216140792,0.28833254521326074,0.2819406059826134,0.30587831305447105,0.31268531386861054,0.3149849337596511,0.3137516728776272,0.3059977753493714,0.5880511149005332,0.5722376664001829,0.5691876740316997,0.5723930337762149,0.5805965832980216
5600,0.28799678775660936,0.2728803946481003,0.27738765423521355,0.27572223780923516,0.2770059781121856,0.27724696797032206,0.2846890053206621,0.27976620518056783,0.27588215124355475,0.3014055737560535,0.308311937409099,0.31056562662364995,0.3093751217019196,0.30185091815830145,0.5831561992967881,0.5662291804561701,0.5636252661164063,0.5663352851819069,0.5762807409617927
5850,0.2813722409782374,0.26611876924261013,0.27058148282196703,0.268971444166843,0.27020811499884934,0.2705698096988798,0.27816365981766966,0.2731090219402674,0.26927402123585564,0.29720377743030624,0.30398379530146113,0.30648844345726817,0.305063887749912,0.29747229611013704,0.5796065834338171,0.562477671980161,0.5596775349537794,0.5626265823596452,0.5727030623248685
6100,0.2738994811739897,0.259229872006588,0.2638449232315499,0.262076070281981,0.2625475547450536,0.2636149988502842,0.2712709336360042,0.2661475007102985,0.2615235298469293,0.2938207286427931,0.30051018716984385,0.3030959549151534,0.30162389121692734,0.2941732780524589,0.5751590469563813,0.5580427575644269,0.5555312850902309,0.5581434467038023,0.5680246471589381
6350,0.270555261069667,0.2560784982979549,0.26065551091110195,0.25897922118325173,0.2593363740284088,0.26022836767698865,0.2679833632068981,0.26276778465869716,0.2581819993988402,0.2871089106004369,0.2933291113055413,0.29611981912358215,0.2944489512684165,0.2873383182679356,0.5692887322413828,0.5517199612435861,0.5494883223346213,0.5518442858710041,0.5623559408218441
6600,0.26522651019440247,0.25112795303072294,0.2555623781013869,0.25413481048296027,0.25421152825933413,0.25439282811928404,0.26251294871870656,0.2568510220155991,0.25275287454841716,0.2837255962793729,0.2894000484761818,0.29209017593264225,0.290535766733472,0.2834859576764074,0.5628155252591822,0.5450397969050096,0.5426224261779907,0.545259735509103,0.5557445388557095
6850,0.260166899146595,0.24637661648788856,0.2506056344667849,0.24937408542401704,0.24933074607185585,0.24900778655486813,0.25742797848144605,0.25152652708811085,0.24747677208915433,0.2805037939981479,0.28586230470474194,0.28858770822306307,0.2869694128496134,0.28025536305740767,0.5585695756372697,0.5404037076900877,0.5382941012082828,0.540626369754424,0.5516192546160642
7100,0.25569662011858596,0.2422028946866644,0.24624344296960055,0.2451785727749858,0.24497177927567734,0.24479675597087897,0.2531193666816256,0.24726039037466277,0.2431133333695933,0.27739062605588527,0.2827333627608213,0.2853874621685765,0.2837760090759819,0.2770722115654776,0.554364094046477,0.5360031068724759,0.5342707374720881,0.5361284211979797,0.5475840216534263
7350,0.25249822995976007,0.23886783121545466,0.24308027666326787,0.241834218562751,0.2418242393659561,0.24099278380185232,0.24977607308974137,0.24344047567569777,0.23981457914415544,0.2749112424845301,0.28010532023063184,0.28279762710370926,0.2811458760633298,0.2745073956173745,0.5498667645306408,0.531248927893754,0.5295537626864308,0.5312417298496899,0.5430020223637004
7600,0.24915274241146018,0.23506232194153082,0.23937760128654695,0.2380367119365381,0.23845123630941747,0.23764753731663396,0.24612715722043807,0.2400628890706541,0.23647948498494012,0.2723186542889331,0.2772362119102665,0.280247964605855,0.2782905063541956,0.27180168973168817,0.5456760703081499,0.5264370156437873,0.5250490487463977,0.5263504400089798,0.5387527461726523
7850,0.24476493057627396,0.2318815691580515,0.23515226886521032,0.2349070251407251,0.23430812574672322,0.23417816418538445,0.2415927615721149,0.23658952138673617,0.2323870791798849,0.2675401127346945,0.2723141040489908,0.2752816663758329,0.27337314917192046,0.2670483279601023,0.5397225333326444,0.5202518269906898,0.518917032949691,0.520203646043162,0.533067848825839
8100,0.2388220009225381,0.2258557398249925,0.2292514090017173,0.228913362124525,0.22814694952007597,0.22811805895913503,0.23580764117744726,0.23053856895836733,0.22610692085984108,0.26384101868517,0.2688595979565768,0.27157186038915127,0.2698941048604815,0.2632628857632706,0.5373591049689374,0.518100328152802,0.5171637371728655,0.5180255062965745,0.5301896697782349
8350,0.23587590968511452,0.22296632509762063,0.22645467873678743,0.22605901565563696,0.22514886994285155,0.22522374191387484,0.23292300693469226,0.22763869974021037,0.2232957528858789,0.25869916441209334,0.2637078224254422,0.2662041939241236,0.26475697904721335,0.2578780948312517,0.5308004989882793,0.5105367238447956,0.5095920198982026,0.5104357003870672,0.5228581163995928
8600,0.23244769132671483,0.21959494895347065,0.222977681534236,0.22274003411155047,0.2217547208176904,0.2219953963176576,0.229637542555017,0.22445378974883756,0.2201357981636038,0.2549923119824834,0.25982612494846524,0.2623449467780763,0.26086289945524266,0.2540512639385519,0.5254612020409405,0.5045500902611141,0.5038524716368493,0.5044441193703577,0.517270143066161
8850,0.22971865395142868,0.21657136337625454,0.2199528710176685,0.2197181188700075,0.21877594627264477,0.21895538827817237,0.22680766639817335,0.22138136110611048,0.21723310602314144,0.2524949014192573,0.25675572060254076,0.2594776262127446,0.25781444993634645,0.2515122886427177,0.5225340066492123,0.5013009474496078,0.5006440624505533,0.5012040877660026,0.5142157388535281
9100,0.22865846630460304,0.21554498951320986,0.2189777843606301,0.21869002938920049,0.2177054194509717,0.2178367924513057,0.22572153781137588,0.2202699614218532,0.21607245510161505,0.25088278713025447,0.2550238421039123,0.2577815747374186,0.2561099284675652,0.24982194253729884,0.5197478741919742,0.4983344060173014,0.49776619035817304,0.49821768695078417,0.511400194230113
9350,0.2256393184225198,0.2136730253207307,0.21702218524680958,0.21684614703673938,0.21494023013488844,0.2156651390905861,0.22290323999313694,0.21811618540325167,0.21339743031489583,0.2476560830684415,0.2517465915476945,0.25465010568870355,0.2528483674336929,0.2466250754056237,0.5142998162369699,0.49210278847242267,0.4920347464391902,0.4919524904946569,0.5056301422874118
9600,0.21997018778639923,0.20809469737476632,0.21145449335184283,0.21130132839303323,0.20946382227015548,0.20959912066424347,0.21741939433724874,0.2120488255367317,0.2078033890333734,0.24450373951034676,0.24869637794097985,0.2517766143688672,0.2497650626531766,0.24355381912107774,0.5116161570022335,0.4892364692207545,0.48931278352055513,0.4891437905858995,0.5027793818874307
9850,0.21818219857578258,0.20635543820514063,0.20968775247941973,0.20954600971050935,0.20772735883690127,0.20805644014964214,0.21567227701695213,0.21050026944936487,0.2061126290959918,0.24187727025712297,0.24628434522519885,0.24935125903169106,0.24737042454997735,0.24109628826322116,0.5085840435263314,0.48578669391669743,0.48584188862268424,0.4856567442084524,0.4999342356797004
10100,0.2164608663654079,0.20458358902772653,0.2078620674173546,0.20779884130576676,0.2060170630888353,0.20541815295933333,0.21373219161276155,0.20785215341104515,0.2043435524732809,0.2404988445879946,0.24486971192542692,0.24795641739916968,0.24597356016332855,0.23986418183906313,0.5048817372425913,0.48219681728073155,0.4825380926342456,0.482107942338299,0.4965191454145287
10350,0.21452131846446576,0.20235454117626137,0.2058627435293703,0.20559359351201276,0.20407993954478623,0.20346527985170793,0.21167898832088408,0.2059090692744721,0.20237489588451518,0.23904675891663124,0.24340537990920208,0.24639602264426652,0.244467825467933,0.2383132563861563,0.502196816560272,0.4791287965612339,0.479369950839382,0.4789757017267149,0.49389195368401784
10600,0.21235045777197614,0.20019871342205897,0.20365049168922264,0.20344940685863389,0.20184605707438077,0.20106315685064394,0.20942227718088507,0.20347868686573503,0.20007457322463917,0.235476136377605,0.23982803031788397,0.24284387979201416,0.24092345421839195,0.23480141913303273,0.4995051699305055,0.47640127496639206,0.4768187449884141,0.47631146667648594,0.4917272840881034
10850,0.21034051586534042,0.1980578086870187,0.20168808243840797,0.20129127338700536,0.1997566404229377,0.198889480463028,0.20748560070109912,0.20128333219765276,0.19799284373253126,0.23275540147128868,0.2371402638900297,0.23993775813632598,0.23825431824894874,0.23219041064819593,0.4948718633310478,0.47136221395042016,0.47182413195651285,0.4712559395914239,0.48717817209724185
11100,0.20832663933450998,0.19603029192573967,0.19961552596497517,0.1992400886688832,0.19770491921207398,0.19702978426570267,0.20551531043146234,0.19941633057773803,0.1960235908366,0.2311273852636417,0.23539886625899867,0.2381020733869322,0.23650246596804375,0.23054934848246586,0.4917352893661915,0.4679108230563678,0.46866892093990176,0.4677585833927738,0.48425705375244377
11350,0.20652070803836375,0.19418941729843947,0.19775114842625124,0.19740000677173655,0.19593412185439088,0.19519835186015652,0.20373081027433768,0.19757060964811307,0.19425455344815684,0.22959651088394797,0.23392474839800473,0.2361469198938002,0.23505883046718354,0.22924036830197816,0.4897211148082128,0.4656254956884895,0.4663929105258214,0.465506387198267,0.4821255719456327
11600,0.20528915226704872,0.1929185324602745,0.19649415208159515,0.1961508710388553,0.1947367407539051,0.19401724635252857,0.20253057710838482,0.19639672081449025,0.1931374045535678,0.2283041637179487,0.23245005509736977,0.23488187075186967,0.23358363777507557,0.22799512093399507,0.48786335815684945,0.4635552780172619,0.4642872916716808,0.4634647512378968,0.4803629467431147
11850,0.20425928462439777,0.19198370378633284,0.1955015532413374,0.19520610241545866,0.19382964123877758,0.19305212427846133,0.20159872028488843,0.19544616814024585,0.19224164917558986,0.2272198839290695,0.2312186388326762,0.2337904472289501,0.23233357537350746,0.22688569182090726,0.485075379359207,0.46077182532358535,0.461312083301154,0.46072078466169775,0.4774539718696862
12100,0.2016096948007731,0.1892207188277482,0.19273056438109218,0.1924576551863232,0.1911065092439757,0.19044111761588664,0.1989411094344676,0.19279397052535888,0.18961472148153444,0.22440754469967533,0.22808664771640008,0.23104661014600406,0.22917954295453363,0.22391635992631823,0.48269332397445797,0.45844537559229037,0.45884053457663776,0.45835181279718135,0.47533061920202774
12350,0.1991881851241276,0.1863532350105084,0.19000463331044767,0.18963579870399563,0.18846698729530703,0.1868248197557921,0.19602101708252256,0.18918024499936373,0.1869706125345691,0.223318200226091,0.227028547102571,0.2298683947030006,0.2281104853699236,0.22286689063737192,0.4809826385234738,0.4564700844322247,0.4569368636158967,0.4563928549784958,0.47387855063671486
12600,0.197957321397323,0.18530773894805394,0.18889720596900436,0.18860299768581398,0.18726851690712,0.18561550628326212,0.19471444148651942,0.18800268970279788,0.18562754434809953,0.2219552260501258,0.22551071156201483,0.2285524208578565,0.22661741426144977,0.2214263923913141,0.4786120549411606,0.454297694404826,0.4546255522697201,0.4541974528926383,0.4716903815658639
12850,0.1963287569145729,0.1837176821579409,0.18738095250273012,0.18700677795162238,0.18580709384070454,0.18415325565838148,0.1930159351075861,0.18655028381502228,0.18398693302018268,0.219634949950996,0.22309509517614334,0.22610390875868416,0.2242124132871444,0.21908395651508694,0.4737650328068785,0.44927002451595627,0.4496721702901271,0.4491891486750016,0.46696535098011316
13100,0.19510540551032712,0.18246714190214652,0.18621303380640716,0.18573455541097705,0.18467283947506624,0.18293783692889287,0.19185394188061858,0.1853230559380321,0.18281427156393792,0.21847369841432707,0.2217835937539953,0.2249551852583722,0.22290881619065772,0.2179038807745513,0.4713537761831977,0.44686438087827346,0.4473420114211735,0.4468027500509667,0.4644550310270891
13350,0.1938394170542976,0.1812003922773557,0.18485821061302776,0.18445836106722044,0.1832691570943917,0.18167049409883368,0.1905142924866947,0.18406355256555776,0.1814236920837176,0.21691706909716646,0.220050407764015,0.22317311108968707,0.22117322308232862,0.21635328584622657,0.4679247722679846,0.44319881215496393,0.4440200238868137,0.4431152128771201,0.46117384539529854
13600,0.19225268976312737,0.1787315419300176,0.1820790203549975,0.1820264425865811,0.18176972352539197,0.18041594139589318,0.18912881891235725,0.18280830792014974,0.18010222443546264,0.2147773610658756,0.21778154053117602,0.22093398239533782,0.21886051134308765,0.2141358994784263,0.4660801354009862,0.44084033060884736,0.44188044968633655,0.440802717697329,0.45920303299088594
13850,0.19070659837155432,0.17710041109361593,0.18061228804512872,0.18037931076761968,0.18032121056336764,0.17875395109347694,0.18763287409154406,0.18114350827173403,0.17860934649324986,0.21322055062494058,0.21618120446567107,0.21934902506552717,0.21727430323637978,0.21260987712649193,0.4644739050758372,0.4393961265664957,0.43988860238654,0.43933118085339007,0.45766495342695257
14100,0.18927753127713068,0.17536014866863378,0.1790563301276299,0.17865398819379386,0.17876592061404467,0.17710155051468873,0.18607659306958144,0.1794707709173994,0.17707520031271481,0.21188577622260585,0.21457910775086447,0.2181423641242903,0.215659442812597,0.21125851825290454,0.46346407329138706,0.43816616301836075,0.4386782432660389,0.43808870336271205,0.4565618094342628
14350,0.18797740678992542,0.17410983880402464,0.1777675606532456,0.1774212214696234,0.1775119197733108,0.17575720650455462,0.1847346427055836,0.17808263981240854,0.17580497156689825,0.21017353458335242,0.212908304145483,0.21643161801738567,0.2140075146600431,0.209585153336449,0.4613623724930103,0.43581323317690807,0.4364171451359057,0.4357227576543572,0.4542214504958919
14600,0.18658115102080905,0.17209176793984657,0.17647068116183964,0.1753927655464511,0.17609990742386014,0.17437878046312372,0.18336561411691787,0.1767074460983341,0.17430922805602056,0.2090024295718226,0.21167764009758433,0.2150611237135045,0.21278434463672127,0.20835851151448107,0.4579030096582895,0.4323401178938711,0.4327936143444603,0.43228939866771143,0.4504696888557349
14850,0.18407835115613766,0.16979392157525836,0.1740894903683653,0.17308677771594036,0.17361429016261612,0.17222379801308121,0.18103995449291743,0.17455398508978043,0.17190031586332313,0.2079741209481289,0.21054725441466077,0.21406856274417513,0.21166028665953296,0.20740183494710496,0.4563294122736762,0.4306632768227901,0.4311338539397959,0.43065507294540517,0.44887895340262396
15100,0.18210008527718272,0.1676654688578387,0.17196136795381098,0.1709569198457535,0.17156175573219018,0.17007997854494872,0.17901020223654088,0.17240969373924853,0.1698827025686154,0.2068496695088256,0.2094201921720462,0.2127754807970131,0.21053691272803665,0.20631916669677414,0.4548099908199695,0.4291455200501784,0.429744590069424,0.4291595788152542,0.4474629149853009
15350,0.18045635743519872,0.16579466645908192,0.17006757049395596,0.16904456609709134,0.16980187406220457,0.16810822234971445,0.17747775922455825,0.17038166102641503,0.16829027717596856,0.2059479972412848,0.20854223645196857,0.21174280964804687,0.2096815258321282,0.20539381137681695,0.45269079641795695,0.4271272987567277,0.4277196419777084,0.4271094148995158,0.44516898226039286
15600,0.17885382684922232,0.1642809168734237,0.16837562156109978,0.1675250418506953,0.16825077248048503,0.16654572549088845,0.17579050761211318,0.16879871620355166,0.1666780167486414,0.20353410562477534,0.20632607145565598,0.20932090721220364,0.20747431417860343,0.20291061155915271,0.44986613402149905,0.42437045077028235,0.4250939203969319,0.4243375371352235,0.44221612282972406
15850,0.1782162867508867,0.16364003669278002,0.1677123957342914,0.16689439280680854,0.16758705570910815,0.16589342004457175,0.1751078634317719,0.168158222748924,0.16600741199052937,0.20196420115190417,0.2045840894594551,0.2075917962206387,0.20574265346302584,0.20114180542347568,0.4458251712478525,0.42100729006547233,0.4216273294520943,0.42105236089015763,0.4381054608330282
16100,0.17716186129127712,0.16256502343829116,0.1666326713276523,0.1658474412602461,0.1664341668702887,0.16477398190568335,0.1739672409262967,0.16703396843608526,0.1648518416629071,0.20079196825402762,0.20321341537219448,0.20636620934132802,0.2044020404980641,0.1999213890907549,0.4444671143610756,0.4197078538411019,0.4203847887912922,0.4197403837872672,0.4369641376206645
16350,0.17582267107585617,0.16105100226388636,0.1651085950162996,0.16424891105289188,0.1650299443802469,0.16312294440116892,0.17241561620343207,0.16531911713384104,0.1634986314807581,0.19940100620721893,0.20161454966759434,0.20466816004108163,0.2028177802535139,0.19866045943825458,0.44317942859754594,0.41823789634949426,0.4189762267035664,0.41828885501266716,0.4355573747885716
16600,0.17506794265964828,0.16022530303809407,0.16427134071290322,0.16342903608759995,0.16423613902038214,0.16228155099411626,0.17076420074452256,0.16448645795240144,0.16275444474090717,0.1980064198828618,0.20020282433156908,0.20326248059320443,0.20138303337578542,0.19735263447789284,0.43945066199728655,0.41492768319372364,0.41502352738222387,0.4151276207842375,0.4318850756725734
16850,0.17431663928042412,0.15950715545476163,0.16350947781992728,0.1627175905615021,0.16352541264874512,0.16159037253370212,0.1699582781314212,0.16377545611658995,0.16198812540023502,0.1967906008945676,0.19890108036894527,0.2018606721991384,0.20010857307544802,0.19596559557560353,0.4375220088977349,0.41284555745618934,0.4130361569850085,0.41307632774055003,0.4298974532706209
17100,0.17311905394759128,0.15828726715163302,0.16223696546432573,0.16149413053794345,0.16234590776882915,0.1604541167352679,0.16875490008969757,0.16265556743231313,0.16094358854915103,0.19599151840273665,0.19805261973257615,0.20102583470095522,0.1992698508422619,0.19517901346050456,0.4360194629664655,0.41126697376403265,0.41151463423998796,0.41153511114636726,0.4282868911002221
17350,0.1713453369311821,0.1562793400629777,0.1604702264894844,0.15948621551334627,0.1605240607202166,0.15838516653439563,0.16702074186679688,0.16057240343930915,0.15913301198452326,0.19494288560991704,0.19701582386217187,0.19992818939868545,0.19823134135255274,0.19413708761625698,0.43469955044240915,0.41009989070028,0.4103343262861567,0.41034952816969844,0.4271096823271269
17600,0.17036496195284898,0.1552639801553131,0.1594097167670329,0.15849061460191635,0.1595662389590828,0.15743378652480663,0.16596300947715747,0.15963570340122496,0.15814308614495493,0.19372616816792199,0.195850354656175,0.19870471914026278,0.19708653180224756,0.1929644900502615,0.4323344303202168,0.40813137000355626,0.40868723648977195,0.408356408859382,0.42531208229884454
17850,0.16929546372040605,0.15424562905092576,0.1584050573602141,0.15747230945070004,0.15863172401751754,0.15624899507045187,0.1648937148933473,0.15844603593859843,0.15715628975334153,0.19225347765604867,0.194155648910877,0.1970746402817661,0.1954032879915664,0.19133920039358407,0.43091600414838716,0.40680409441091914,0.4073549053627113,0.40703887344435846,0.42398634074283803
18100,0.16875065773324094,0.1535008593792806,0.15769092843358196,0.15672232737778272,0.15806440263409882,0.1555526310735833,0.16420877376864032,0.15775435231211296,0.15675200545111848,0.1915839066724702,0.1935486627627546,0.19652255553805967,0.19480361132514074,0.1906557832418045,0.4274750751250522,0.4033162612452434,0.4037089230653285,0.40360876284371583,0.4203233074447772
18350,0.16778550968497133,0.1527504009924707,0.15680569422278642,0.15598598767604235,0.1571389539735087,0.15479594272015393,0.16332717482974377,0.1570172438424869,0.15580019699172273,0.19081756215840587,0.19287106189473685,0.19585806785677096,0.19411568373045943,0.18983201236789984,0.4262904065776384,0.4020918968493803,0.4024536322295259,0.4023672807630494,0.419258962068593
18600,0.16698979658078297,0.1519114264781921,0.15592880713347454,0.15516155133807055,0.15635655890447112,0.15392722005504747,0.16246967730132292,0.15615816099414231,0.15499953577726203,0.18968268504170013,0.1919882765027043,0.19497652003801305,0.1932345545025307,0.1887761260774726,0.42489445193718445,0.40046646958207566,0.4007375577764361,0.4007730722546294,0.41776382213567104
18850,0.1662529672402097,0.1512553597193974,0.15516792050576725,0.15451427001050483,0.1557128554079591,0.15325355715562344,0.16187034875832268,0.15549167700344885,0.15438062252462867,0.1890595898380533,0.1912637217516445,0.19430072810470533,0.19251207018902064,0.18821807778149266,0.42335308907991065,0.3987485091886487,0.3991914380857667,0.3990798964232347,0.41614359387230726
19100,0.1648918515653149,0.15002588229506683,0.15393968555412074,0.15328240422187758,0.1544899127342619,0.15208618792943784,0.16063637788306376,0.1543252085687028,0.15307706696879117,0.18845003298937651,0.19063071886399752,0.19367521774388952,0.19187474328500223,0.1876642858792317,0.4224182718492374,0.39777979716717116,0.3981166556825436,0.3980988539273127,0.4152875927323252
19350,0.16337515173147169,0.14894164172647253,0.15285464449931338,0.1522199091225341,0.1531418006057262,0.15100740768433554,0.1594625239318008,0.1532586581333758,0.15174974477127345,0.1872844669082746,0.18940981352749903,0.1924607077515832,0.1906476944825257,0.18641956330605666,0.4208543876323211,0.3963532828865712,0.3966553270274273,0.3966602276693103,0.41373320428461735
19600,0.16270878643881723,0.1482584432498897,0.1522092689761225,0.1515236379570493,0.1524978092327406,0.15057339780323659,0.15887989100376076,0.1528091599901041,0.15125730664930162,0.18626230233747823,0.1885168330251131,0.19155677923963238,0.1897277556658375,0.18549911910391187,0.41633144116547344,0.3918588838405038,0.39278575269278426,0.3929993415444945,0.40899814338017737
19850,0.1618172307131889,0.14738748205518892,0.15127662689368676,0.15064835418384562,0.15169436807795836,0.14979665316177343,0.15812202694696278,0.15201823984907606,0.15048320960574385,0.18538712972662277,0.18769839337477412,0.19073524525659244,0.18892567520461487,0.1847574019571716,0.4149893379828049,0.39062991987405205,0.39154583867721593,0.3918075829022264,0.4076698484735228
20100,0.1607819598242357,0.14637856451403142,0.15025422270905234,0.14963276968264447,0.15067099073355594,0.1488235306456594,0.15713708593269332,0.1510367785741567,0.1495210181764368,0.1846116025910092,0.18702707768019453,0.19004033056869066,0.1882647522921784,0.1840650927912917,0.41434253325884984,0.3899970515780338,0.39082925390748663,0.39120968793823396,0.4070887175864684
20350,0.15978537406294827,0.14540480447558626,0.14917027870946578,0.14864242635346595,0.14967739724606235,0.14777487072594198,0.15603579705070264,0.14994590478766734,0.14845593004701732,0.18321274596998907,0.18567484167851114,0.18872475799147606,0.18688481524248798,0.18274333493464462,0.4127652611667113,0.3886181683482576,0.38929373554631536,0.3898362546978583,0.40569736948947915
20600,0.15889793863712434,0.14450534080994812,0.14831384879678633,0.14774995839299745,0.14883537586202505,0.14684625830389247,0.15512386355563654,0.14901047550810956,0.14760615339355063,0.18230715945630663,0.18485808577002372,0.18791533478162056,0.1861048003800545,0.18190231648304528,0.41100652221190936,0.3868257082729251,0.3874978078406747,0.38803220265155325,0.40387120323836784
20850,0.15810770953973888,0.14392475591912424,0.1477425685376168,0.1471736015608794,0.14806255057156648,0.14577932527579537,0.1541870578434016,0.1479498307620022,0.14681694201202106,0.18156948591813374,0.18414254076388992,0.18711920997638354,0.18539059092514734,0.18115889868592386,0.4100429872904386,0.3858397181677964,0.3865022603632116,0.38707634194405066,0.40285688491936145
21100,0.15716698048268812,0.14304631362045178,0.14685734976097325,0.1462999214852849,0.14718751070100972,0.14483129870282,0.15319670269548327,0.14701296527013635,0.14592435252364785,0.18095994442562532,0.18345257829195116,0.1864505616191996,0.18471833764651774,0.1805580386674751,0.40854876879975605,0.38430920485419895,0.3849732944928329,0.38556795689416123,0.4013201418154418
21350,0.1555416295519178,0.1412176029485218,0.14504764790305844,0.1444541985586915,0.14544098096325236,0.1433910445440188,0.1516507288646807,0.14555004879009714,0.14184963583024007,0.1803066498662487,0.1828313327855982,0.18578077197127676,0.18410314210014345,0.1799282043815119,0.40760102668760034,0.3833639458280672,0.38404217467141494,0.38461237800655396,0.4004457801494284
21600,0.1549209307895212,0.14057191840208563,0.1444105923561772,0.14382481504537198,0.14485779773338472,0.1429072890235517,0.15110907939617438,0.14507301396765127,0.14127299429952048,0.17959799290290862,0.182053988222002,0.18500991360954636,0.1833349518373378,0.17919307056041295,0.4061181027990587,0.38189406977145496,0.3822996299652801,0.38310415280726645,0.3990602653811036
21850,0.15405031237387365,0.13973523860285494,0.14353500407577532,0.14299691749922042,0.14399507783804513,0.1421502146717507,0.15026886564219633,0.14431309525333832,0.14045766692997758,0.17816708347597635,0.18072693967249207,0.18353522174304607,0.18201972899662747,0.1778611495377875,0.4042918952820084,0.3799843343005584,0.38034039371525813,0.3811666574512245,0.39690706168248796
22100,0.15296797229853418,0.1387305584800919,0.14248836981458723,0.14199577678696784,0.1430107823737278,0.14104038340468472,0.1491962260041024,0.14319048618857505,0.13943597817513623,0.17724064315293486,0.1796735778775143,0.18277025176282027,0.18095696332444908,0.17690195240130654,0.4030439572395566,0.37876618607129553,0.3791950600291053,0.3799872722240533,0.39574000180172947
22350,0.15187689878559932,0.13770400719575512,0.14139439329128678,0.1409985136478799,0.14195676396766801,0.13995657327172162,0.14808654825360912,0.14214442676388805,0.1384181254451558,0.17597462345664527,0.17838011650570051,0.18143791251835487,0.17966532505810462,0.17569662018084364,0.40188253456675943,0.37754728251462827,0.3777995722864378,0.37879161589497434,0.3944830664543905
22600,0.15096096913961268,0.13667264900698628,0.14040696172887893,0.13996458309504115,0.14105603724195911,0.13904366125493178,0.1472421376923548,0.14124740251686013,0.13757202218562783,0.17494682822069454,0.17737580841093264,0.1803901374638112,0.17864998349151182,0.17474561239388625,0.4009858808951351,0.37665004302882166,0.37688294100596487,0.3779158589301352,0.39365951973373214
22850,0.15010359152817562,0.13589566655053076,0.13962638292910184,0.1391898473592193,0.1402375560752837,0.13825268342024072,0.14637555874969851,0.14045315459530008,0.1367600096383877,0.1732580873786806,0.17567085178776473,0.17878168095082111,0.17695656397610504,0.17305696345497967,0.4000159686573823,0.37580135342250903,0.37601646629885616,0.377048104261386,0.39268958732958925
23100,0.14956593627607667,0.1353782434334532,0.13904226846688655,0.13866827977350865,0.13968434253573786,0.13771995802999204,0.14579901245765942,0.1398934224378085,0.13622951890482435,0.17262815969485681,0.1749824432939355,0.17808902220154346,0.17627486362473624,0.17245660543030916,0.3991459593516346,0.37505336068572914,0.3753021735189144,0.37632621498854857,0.3919788752831546
23350,0.14917734794826404,0.13494666938014346,0.13857040435217588,0.13823597643742755,0.1392047961232894,0.13718878266993137,0.14537343765396685,0.13934465264058488,0.13585878347583888,0.17218004776368454,0.17440448286877103,0.17727699502260058,0.17570349272424546,0.1719345932202156,0.3979007844935249,0.37380466851236066,0.3740153755575921,0.3750825589188388,0.39070045719510005
23600,0.14844234039145635,0.13449509449506394,0.13807490803231653,0.13780148318885163,0.13858791535260226,0.13677817721701196,0.14485575928687636,0.13894784230246518,0.13519126529142805,0.1716475174031967,0.17382012279674125,0.17672082859670327,0.17512514563874773,0.17144381752878224,0.3970460504100094,0.37301912813126437,0.37309196899468045,0.37431063312614565,0.3897908116704545
23850,0.14771005169894938,0.1338990124952959,0.1374699866900191,0.137223462092788,0.13802150737243543,0.13612500179265294,0.14412272599442155,0.138291976272245,0.1345738152284645,0.17100650980087026,0.1731292872770329,0.1760478239217363,0.17443120346304802,0.17075843369238367,0.3953898461259416,0.37150667174401114,0.3713980084417593,0.37277305025224705,0.38802520097468435
24100,0.1473165164989945,0.13349622941307224,0.13707745018709175,0.1368083727741742,0.13765181720714165,0.1358770935664988,0.1437613050902414,0.1380486415118773,0.13424916121681907,0.17017250198541126,0.1723949335696261,0.17528567517402244,0.1736929881273618,0.16985141828637765,0.39228423611140334,0.36904885855773983,0.3687768699523018,0.37036548010506026,0.38467722131719445
24350,0.14680103433154781,0.1329583349753155,0.13650452585283235,0.13625700934980228,0.1371071076387529,0.13535319406966684,0.14321861549739823,0.13751478246932336,0.13375371011257753,0.16968053198918068,0.17191058948554763,0.17478673752259094,0.17319216395399928,0.16939759844520855,0.3913010731235468,0.3679916325382421,0.3677165130885253,0.3693439078904353,0.38370322456481276
24600,0.14625718295295767,0.13233426875443785,0.1358692742806681,0.13563468212179478,0.13652273068681964,0.13473252033535857,0.14256729647329253,0.13688470712408324,0.1331673087290328,0.16926981422132883,0.1715273302504505,0.17440721369052403,0.1728138361172512,0.16902636048171335,0.39013497323871027,0.3668517721563401,0.36661449801680684,0.36821192847105627,0.382484221971117
24850,0.1450163090615845,0.13110412862472148,0.13459663659452925,0.13441283608625848,0.13524850041113326,0.13352839652996504,0.14123676011388828,0.13568911956962942,0.1319384272456839,0.16830301136378784,0.17047675525914285,0.17341490156963454,0.17178264451294947,0.1680522889314269,0.38869252754251715,0.36528889859374086,0.3649765755485939,0.3666848771583521,0.38095110837873264
25100,0.14455177116524018,0.13077928388939644,0.13426209339487624,0.13410046380022142,0.13485528192802515,0.13321235617291566,0.14083811638107457,0.1353703694164785,0.131604601936094,0.16747341108000463,0.16963608687704143,0.1723698329695702,0.17093787454842263,0.16721909907274954,0.3871759975098437,0.3635592615432708,0.36350960332696386,0.36496980392040773,0.37918570153361075
25350,0.14408581320552383,0.13039111077911034,0.13390739638193055,0.13373206886686492,0.13449108407696653,0.132877357279671,0.1404291996801329,0.13502023314939454,0.1312738180304724,0.167018078982344,0.1691319366807133,0.17186275634184978,0.17046842657122208,0.16676417091909865,0.3850974969209692,0.36164477966876374,0.36172623372062174,0.36306320976343015,0.37737287576142686
25600,0.14356187361958334,0.12980175815650813,0.13335199348972684,0.13313897142605316,0.1339747090765021,0.1323576565831097,0.13992966144320657,0.13450599798252857,0.13075644570832384,0.1663868661049993,0.1685696286215839,0.17113468942377205,0.1699095256506187,0.16628069689497887,0.3842346981576022,0.3609081143201959,0.36099514237404307,0.3623096911525307,0.3763755008733959
25850,0.14319247557234266,0.12956720863705673,0.13310145012761393,0.13291321703084702,0.13359822740564967,0.13208499914850816,0.13968080993187026,0.1342259894977826,0.13040698543045842,0.16520728681494365,0.16744124862031418,0.17018784244779175,0.16874271746479025,0.1651421029521399,0.3827519866646199,0.3594271683143841,0.3593595027220399,0.36091339696380703,0.3747682458412646
26100,0.14259869370383052,0.12905781136266517,0.13250820326649976,0.13242133561226274,0.13308211397086472,0.131431883676806,0.13918328023079818,0.13358056914386218,0.12992764238741222,0.16453057814030805,0.16676306866500057,0.16944358665058176,0.16806991414655473,0.16453274764305287,0.3817019358296676,0.3585009549944387,0.35837485580943584,0.359985195756492,0.3738386579938563
26350,0.1422146367034029,0.1287983546044505,0.132216631414988,0.13217886229393133,0.1327583548697117,0.13118136479806428,0.13888017038133507,0.1333439463002452,0.12961680366284647,0.1636431203852611,0.16571206787797246,0.1686013278198744,0.16702470771745492,0.16358092113750916,0.3803387263011673,0.35709163776351416,0.3571893118418481,0.3585863581319656,0.37251590916433325
26600,0.1416431014743307,0.12832988767885836,0.13173777436411832,0.13170239668855283,0.13228363980249097,0.13069311969325062,0.13836939923397423,0.13284189137654634,0.12914193584554087,0.16280211240430068,0.16491815943823177,0.16773696067571642,0.16624809342716426,0.16274678420749436,0.3786352843773786,0.35526779925396645,0.35525372819151496,0.3568514739850267,0.37063172142412604
26850,0.1412339901698381,0.12796550989093483,0.131355139215185,0.13133952669265708,0.13192763330044094,0.1303719920213039,0.13792544151382502,0.13252599229070758,0.12878216580010765,0.1619050746967848,0.1641759040886267,0.16682305362611205,0.16552851388864875,0.16200857822826567,0.3779444472930165,0.35465799649897134,0.35458295466308026,0.3562412676175797,0.36999248289843356
27100,0.14106657339525364,0.1277824797240051,0.13120255843425868,0.13116309323664427,0.1317379149905181,0.13017246031404012,0.13769445981993664,0.13231664460627937,0.1286050637785071,0.16116448970280225,0.16353005669703144,0.16613134373626137,0.1648850813101737,0.16129011000607704,0.3772095234885345,0.3539768930751248,0.35379024039233625,0.3555344897650176,0.36917725292422215
27350,0.14073583843005127,0.1275356060925321,0.1309469431213241,0.13092253029968223,0.1314920218617289,0.1298234955460104,0.13736388566997026,0.13198138781518642,0.12832077602706338,0.1608248887809579,0.16322661984176728,0.16576104023147464,0.16455653511193286,0.16095343352577765,0.3747670234269758,0.3512030290525364,0.3510678379552642,0.35279387151551866,0.3663855990986293
27600,0.1399331418424239,0.1268717681369344,0.13020418473785791,0.13027023163481388,0.1307192729533342,0.12909644176464813,0.13659665984582317,0.1312534189814178,0.12749895523992272,0.16008971116847037,0.16235598719955224,0.1649003489307659,0.16367699474324973,0.16020602665919528,0.37401142991904446,0.35052603446359415,0.35036068042287827,0.3521018002691405,0.365707213222335
27850,0.1394234263119524,0.12635455784197722,0.12971095267227908,0.12977993414422387,0.1302151281568041,0.12867458673852467,0.1360877209582152,0.1308466098350591,0.12712448631407228,0.15964724991322624,0.16183353612324258,0.16446158105144704,0.16314685346369934,0.15969265766333327,0.373233213605906,0.3496903907580371,0.34948425607824585,0.35124872159571413,0.3649545989948025
28100,0.1389299253083225,0.125923615653389,0.129299545131437,0.1293244227171169,0.12981080779325524,0.1282554661268453,0.13566821042959173,0.13044105355534857,0.12663861514937913,0.15916349472091595,0.16133868446237526,0.16397338214712698,0.1626546009217389,0.15915973078126672,0.37267544316162565,0.3491863399108601,0.34886851577775074,0.35074459772675903,0.3644561717945138
28350,0.138240589540741,0.1253094614405847,0.1285630241753598,0.12871644751292743,0.12917166547707112,0.1275561018945947,0.1348649205164701,0.1297501349859271,0.1258816021507772,0.15858509924170383,0.16070814924284268,0.1632758825593034,0.16201334740331738,0.15856064825576888,0.3719372892451804,0.34820158831676945,0.3479039388101395,0.349779730847044,0.3636941019586019
28600,0.13778568688938486,0.12510318907715204,0.12824158627003981,0.1285008090831514,0.12890378570792788,0.12719792487439865,0.13456025957231252,0.12939903888037396,0.12543387663915723,0.15820352784114505,0.16043971941183574,0.16300374733896764,0.16175020331017453,0.158220483308766,0.37099546343653556,0.3474702185154251,0.347110104375209,0.3490250568009313,0.3628775252828447
28850,0.13739245143754286,0.12480329253284138,0.12780236857761507,0.1282367823963724,0.12849554774431982,0.1268447681941652,0.13423362994754026,0.12905560097156907,0.1250182368670491,0.1577163769991512,0.15979358152802414,0.16246030710419368,0.1611140345344171,0.15764112710578856,0.37019850002240323,0.34668842265230926,0.34630288068047754,0.34822990114723434,0.3621219733451699
29100,0.13698883978758866,0.1244151450247179,0.1274055376791937,0.12784807873282392,0.1281466390766589,0.124704435175486,0.13378532923238073,0.12673205079582403,0.12466800057888629,0.15537361418720436,0.15741766503336047,0.16039937752014677,0.15874909957287636,0.1553375163536851,0.36937296561312605,0.34598349895285097,0.3455889505348786,0.3475396698306808,0.3614704103776853
29350,0.13590073784001352,0.12339558268285691,0.12633698986246905,0.12682512403338822,0.12709121802235115,0.12383345832733318,0.13268821400693337,0.1258663023866243,0.12362797599891011,0.15454698418849747,0.15655152539594133,0.1595024079010262,0.15790143979858948,0.15444155921839878,0.36779998721361024,0.3443634351964914,0.34393350269656214,0.3459356662049088,0.3598394710126487
29600,0.1353381576640544,0.1228087893994507,0.12579375143157148,0.12623480602532988,0.12658041523887392,0.12334845114077436,0.13213800803930248,0.12537315097372753,0.12309738250810347,0.1541294211811886,0.15607519224656058,0.15904138884731356,0.1574338885342967,0.15403818946399578,0.3668077920632195,0.343295878251096,0.3429948589100715,0.34497206390261964,0.3586993011383996
29850,0.13504278219589355,0.12246760001858377,0.12543204349043668,0.12589927631229536,0.12623780529285417,0.12302135086061383,0.13181510614105976,0.12504591367982396,0.12276669555600861,0.1533341029114728,0.1554126200267863,0.15824030998009755,0.15680131334504632,0.15342049404576924,0.3648035092369778,0.34116868870558614,0.3410006388565137,0.34278633470361963,0.3565086221530196
